"Time [h]","Avg [mg/l]"
146,9.009507
148,8.478077
152,2.507308
156,0.6168287
