"Time [h]","Avg [mg/l]","Var [mg/l]"
2,10.35478,6.699508
4,11.98261,2.93103
8,8.591305,2.57213
12,6.986087,2.631948
