"Time [h]","Avg [mg/l]","Var [mg/l]"
2,8.478261,2.658228
4,7.573913,1.993671
8,4.092174,1.218355
12,1.650435,1.052215
