"Time [h]","Avg [mg/l]"
2,10.93005
4,13.44176
8,6.061627
12,3.457272
