"Time [h]","Avg [mg/l]"
113.5,0.001981651
114,0.002201835
114.5,0.002201835
115,0.001761468
116,0.0009908257
117,0.0006605504
118,0.0003302752
119,0.0002201835
