"Time [h]","Avg [mg/l]"
113,0.0009999999
113.5,0.002024292
114,0.002024292
114.5,0.001214575
115,0.0008097166
