"Time [h]","Avg [mg/l]","Var [mg/l]"
145,7.813707,4.752562
146,9.126778,2.878303
147,7.002258,2.464264
148,5.779693,2.034014
150,2.912633,1.323642
152,1.778279,1.270507
