"Time [h]","Avg [mg/l]","Var [mg/l]"
73,10.65915,4.832547
74,9.641807,3.033845
75,8.034346,2.337154
76,6.756207,2.045248
78,3.944933,1.33675
80,2.56981,1.339312
