"Time [h]","Avg [mg/l]"
0.25,0.1160715
0.5,1.1576
1,6.325979
2,9.119467
4,6.462845
6,4.338339
8,2.860056
10,1.661006
12,1.050985
16,0.2248463
