"Time [h]","Avg [mg/l]"
2,6.39654
4,4.635354
6,2.837234
8,1.815209
