"Time [h]","Avg","Var"
24,0.01285132,0.009870377
