"Time [h]","Avg","Var"
24,0.02164679,0.01007361
