"Time [h]","Avg [mg/l]"
24.25,1.474504
24.5,13.18361
25,15.00296
25.67,13.13789
28,6.85798
30,5.436833
32,1.458106
36,0.5556883
