"Time [h]","Avg [mg/l]"
0.13,11.18522
0.25,17.63328
0.5,26.18874
0.75,33.69036
1,37.99316
1.33,27.84986
1.67,21.41644
2,21.17508
4,8.978501
6,5.387403
8,2.339628
12,0.6395531
