"Time [h]","Avg [mg/l]"
528.25,0.1480403
528.5,1.720133
529,5.076954
529.33,5.578967
529.67,5.640043
530,6.124357
532,1.529268
534,0.5081779
536,0.149928
