"Time [h]","Avg [mg/l]"
1321,0.008415867
1322,0.0045
1324,0.001817308
1326,0.0008653846
1328,0.0005192308
1332,0.0002379808
