"Time [h]","Avg [mg/l]"
817,0.003526442
818,0.001925481
820,0.0006923077
822,0.00028125
