"Time [h]","Avg [mg/l]"
649,0.001449519
650,0.0006923077
652,0.0002163462
