"Time [h]","Avg [mg/l]"
985,0.0061875
986,0.003612981
988,0.001427885
990,0.0006923077
992,0.0004326923
