"Time [h]","Avg [mg/l]"
313,0.005541281
314,0.007796511
316,0.006061679
318,0.002950564
321,0.0007699356
324,0.0001548401
