"Time [h]","Avg [mg/l]"
0.5,0.06024532
1,0.04711826
2,0.0293443
3,0.01829124
4,0.01512641
5,0.0122538
6,0.009375188
8,0.004214389
12,0.001772032
